{"cameraMode":{"drawMode":0,"name":"Shaded","section":"Shading Mode"},"sceneLighting":true,"audioPlay":false,"sceneViewState":{"showFog":true,"showMaterialUpdate":false,"showSkybox":true,"showFlares":true,"showImageEffects":true,"showParticleSystems":true},"in2DMode":false,"pivot":{"x":-2.8894195556640627,"y":-0.7734375,"z":1.07421875},"rotation":{"x":0.5284733176231384,"y":0.005089087411761284,"z":-0.003169124713167548,"w":0.8489344120025635},"size":21.616107940673829,"orthographic":true}